title,text,subject,date
Real News 0,Doctors recommend regular exercise for health,News,2024-01-01
Real News 1,New highway project approved by parliament,News,2024-01-01
Real News 2,New highway project approved by parliament,News,2024-01-01
Real News 3,New highway project approved by parliament,News,2024-01-01
Real News 4,Scientists discovered new species in ocean,News,2024-01-01
Real News 5,India launched a new satellite successfully,News,2024-01-01
Real News 6,Medical researchers developed new vaccine,News,2024-01-01
Real News 7,Doctors recommend regular exercise for health,News,2024-01-01
Real News 8,India launched a new satellite successfully,News,2024-01-01
Real News 9,Scientists discovered new species in ocean,News,2024-01-01
Real News 10,India launched a new satellite successfully,News,2024-01-01
Real News 11,New highway project approved by parliament,News,2024-01-01
Real News 12,Medical researchers developed new vaccine,News,2024-01-01
Real News 13,New technology released for renewable energy,News,2024-01-01
Real News 14,New highway project approved by parliament,News,2024-01-01
Real News 15,Stock market shows steady growth this year,News,2024-01-01
Real News 16,Doctors recommend regular exercise for health,News,2024-01-01
Real News 17,New highway project approved by parliament,News,2024-01-01
Real News 18,Medical researchers developed new vaccine,News,2024-01-01
Real News 19,Government announced new education policy,News,2024-01-01
Real News 20,India launched a new satellite successfully,News,2024-01-01
Real News 21,Doctors recommend regular exercise for health,News,2024-01-01
Real News 22,India launched a new satellite successfully,News,2024-01-01
Real News 23,New technology released for renewable energy,News,2024-01-01
Real News 24,Medical researchers developed new vaccine,News,2024-01-01
Real News 25,New technology released for renewable energy,News,2024-01-01
Real News 26,New technology released for renewable energy,News,2024-01-01
Real News 27,Doctors recommend regular exercise for health,News,2024-01-01
Real News 28,New technology released for renewable energy,News,2024-01-01
Real News 29,Scientists discovered new species in ocean,News,2024-01-01
Real News 30,Scientists discovered new species in ocean,News,2024-01-01
Real News 31,Doctors recommend regular exercise for health,News,2024-01-01
Real News 32,Doctors recommend regular exercise for health,News,2024-01-01
Real News 33,New highway project approved by parliament,News,2024-01-01
Real News 34,Scientists discovered new species in ocean,News,2024-01-01
Real News 35,Stock market shows steady growth this year,News,2024-01-01
Real News 36,New technology released for renewable energy,News,2024-01-01
Real News 37,Doctors recommend regular exercise for health,News,2024-01-01
Real News 38,India launched a new satellite successfully,News,2024-01-01
Real News 39,New technology released for renewable energy,News,2024-01-01
Real News 40,Stock market shows steady growth this year,News,2024-01-01
Real News 41,India launched a new satellite successfully,News,2024-01-01
Real News 42,Government announced new education policy,News,2024-01-01
Real News 43,New highway project approved by parliament,News,2024-01-01
Real News 44,India launched a new satellite successfully,News,2024-01-01
Real News 45,Medical researchers developed new vaccine,News,2024-01-01
Real News 46,Medical researchers developed new vaccine,News,2024-01-01
Real News 47,New highway project approved by parliament,News,2024-01-01
Real News 48,New technology released for renewable energy,News,2024-01-01
Real News 49,New highway project approved by parliament,News,2024-01-01
Real News 50,New highway project approved by parliament,News,2024-01-01
Real News 51,Medical researchers developed new vaccine,News,2024-01-01
Real News 52,India launched a new satellite successfully,News,2024-01-01
Real News 53,New technology released for renewable energy,News,2024-01-01
Real News 54,Scientists discovered new species in ocean,News,2024-01-01
Real News 55,Scientists discovered new species in ocean,News,2024-01-01
Real News 56,Stock market shows steady growth this year,News,2024-01-01
Real News 57,Medical researchers developed new vaccine,News,2024-01-01
Real News 58,Doctors recommend regular exercise for health,News,2024-01-01
Real News 59,Medical researchers developed new vaccine,News,2024-01-01
Real News 60,Doctors recommend regular exercise for health,News,2024-01-01
Real News 61,Scientists discovered new species in ocean,News,2024-01-01
Real News 62,New technology released for renewable energy,News,2024-01-01
Real News 63,India launched a new satellite successfully,News,2024-01-01
Real News 64,New technology released for renewable energy,News,2024-01-01
Real News 65,New technology released for renewable energy,News,2024-01-01
Real News 66,Government announced new education policy,News,2024-01-01
Real News 67,India launched a new satellite successfully,News,2024-01-01
Real News 68,Government announced new education policy,News,2024-01-01
Real News 69,India launched a new satellite successfully,News,2024-01-01
Real News 70,Government announced new education policy,News,2024-01-01
Real News 71,Stock market shows steady growth this year,News,2024-01-01
Real News 72,Scientists discovered new species in ocean,News,2024-01-01
Real News 73,New highway project approved by parliament,News,2024-01-01
Real News 74,India launched a new satellite successfully,News,2024-01-01
Real News 75,Doctors recommend regular exercise for health,News,2024-01-01
Real News 76,Doctors recommend regular exercise for health,News,2024-01-01
Real News 77,New technology released for renewable energy,News,2024-01-01
Real News 78,Government announced new education policy,News,2024-01-01
Real News 79,Doctors recommend regular exercise for health,News,2024-01-01
Real News 80,New highway project approved by parliament,News,2024-01-01
Real News 81,Government announced new education policy,News,2024-01-01
Real News 82,New technology released for renewable energy,News,2024-01-01
Real News 83,Medical researchers developed new vaccine,News,2024-01-01
Real News 84,India launched a new satellite successfully,News,2024-01-01
Real News 85,Medical researchers developed new vaccine,News,2024-01-01
Real News 86,Scientists discovered new species in ocean,News,2024-01-01
Real News 87,India launched a new satellite successfully,News,2024-01-01
Real News 88,Medical researchers developed new vaccine,News,2024-01-01
Real News 89,Scientists discovered new species in ocean,News,2024-01-01
Real News 90,Doctors recommend regular exercise for health,News,2024-01-01
Real News 91,Government announced new education policy,News,2024-01-01
Real News 92,Stock market shows steady growth this year,News,2024-01-01
Real News 93,Doctors recommend regular exercise for health,News,2024-01-01
Real News 94,New technology released for renewable energy,News,2024-01-01
Real News 95,Medical researchers developed new vaccine,News,2024-01-01
Real News 96,Government announced new education policy,News,2024-01-01
Real News 97,New technology released for renewable energy,News,2024-01-01
Real News 98,Stock market shows steady growth this year,News,2024-01-01
Real News 99,Medical researchers developed new vaccine,News,2024-01-01
Real News 100,Stock market shows steady growth this year,News,2024-01-01
Real News 101,Scientists discovered new species in ocean,News,2024-01-01
Real News 102,India launched a new satellite successfully,News,2024-01-01
Real News 103,Doctors recommend regular exercise for health,News,2024-01-01
Real News 104,India launched a new satellite successfully,News,2024-01-01
Real News 105,India launched a new satellite successfully,News,2024-01-01
Real News 106,Scientists discovered new species in ocean,News,2024-01-01
Real News 107,Government announced new education policy,News,2024-01-01
Real News 108,India launched a new satellite successfully,News,2024-01-01
Real News 109,Medical researchers developed new vaccine,News,2024-01-01
Real News 110,New technology released for renewable energy,News,2024-01-01
Real News 111,Doctors recommend regular exercise for health,News,2024-01-01
Real News 112,Stock market shows steady growth this year,News,2024-01-01
Real News 113,Government announced new education policy,News,2024-01-01
Real News 114,Medical researchers developed new vaccine,News,2024-01-01
Real News 115,New highway project approved by parliament,News,2024-01-01
Real News 116,Stock market shows steady growth this year,News,2024-01-01
Real News 117,Government announced new education policy,News,2024-01-01
Real News 118,Medical researchers developed new vaccine,News,2024-01-01
Real News 119,India launched a new satellite successfully,News,2024-01-01
Real News 120,Medical researchers developed new vaccine,News,2024-01-01
Real News 121,Scientists discovered new species in ocean,News,2024-01-01
Real News 122,Stock market shows steady growth this year,News,2024-01-01
Real News 123,India launched a new satellite successfully,News,2024-01-01
Real News 124,India launched a new satellite successfully,News,2024-01-01
Real News 125,Stock market shows steady growth this year,News,2024-01-01
Real News 126,Government announced new education policy,News,2024-01-01
Real News 127,New technology released for renewable energy,News,2024-01-01
Real News 128,Scientists discovered new species in ocean,News,2024-01-01
Real News 129,Scientists discovered new species in ocean,News,2024-01-01
Real News 130,New highway project approved by parliament,News,2024-01-01
Real News 131,New highway project approved by parliament,News,2024-01-01
Real News 132,Scientists discovered new species in ocean,News,2024-01-01
Real News 133,Doctors recommend regular exercise for health,News,2024-01-01
Real News 134,Stock market shows steady growth this year,News,2024-01-01
Real News 135,Scientists discovered new species in ocean,News,2024-01-01
Real News 136,New technology released for renewable energy,News,2024-01-01
Real News 137,Government announced new education policy,News,2024-01-01
Real News 138,India launched a new satellite successfully,News,2024-01-01
Real News 139,New highway project approved by parliament,News,2024-01-01
Real News 140,Doctors recommend regular exercise for health,News,2024-01-01
Real News 141,New technology released for renewable energy,News,2024-01-01
Real News 142,New highway project approved by parliament,News,2024-01-01
Real News 143,Doctors recommend regular exercise for health,News,2024-01-01
Real News 144,Doctors recommend regular exercise for health,News,2024-01-01
Real News 145,New technology released for renewable energy,News,2024-01-01
Real News 146,New technology released for renewable energy,News,2024-01-01
Real News 147,India launched a new satellite successfully,News,2024-01-01
Real News 148,Scientists discovered new species in ocean,News,2024-01-01
Real News 149,Medical researchers developed new vaccine,News,2024-01-01
Real News 150,Stock market shows steady growth this year,News,2024-01-01
Real News 151,New highway project approved by parliament,News,2024-01-01
Real News 152,Stock market shows steady growth this year,News,2024-01-01
Real News 153,Medical researchers developed new vaccine,News,2024-01-01
Real News 154,New technology released for renewable energy,News,2024-01-01
Real News 155,New highway project approved by parliament,News,2024-01-01
Real News 156,India launched a new satellite successfully,News,2024-01-01
Real News 157,Scientists discovered new species in ocean,News,2024-01-01
Real News 158,Medical researchers developed new vaccine,News,2024-01-01
Real News 159,Stock market shows steady growth this year,News,2024-01-01
Real News 160,Medical researchers developed new vaccine,News,2024-01-01
Real News 161,Government announced new education policy,News,2024-01-01
Real News 162,New technology released for renewable energy,News,2024-01-01
Real News 163,Stock market shows steady growth this year,News,2024-01-01
Real News 164,Scientists discovered new species in ocean,News,2024-01-01
Real News 165,Government announced new education policy,News,2024-01-01
Real News 166,India launched a new satellite successfully,News,2024-01-01
Real News 167,New technology released for renewable energy,News,2024-01-01
Real News 168,Medical researchers developed new vaccine,News,2024-01-01
Real News 169,New highway project approved by parliament,News,2024-01-01
Real News 170,Scientists discovered new species in ocean,News,2024-01-01
Real News 171,India launched a new satellite successfully,News,2024-01-01
Real News 172,New highway project approved by parliament,News,2024-01-01
Real News 173,Medical researchers developed new vaccine,News,2024-01-01
Real News 174,Doctors recommend regular exercise for health,News,2024-01-01
Real News 175,Medical researchers developed new vaccine,News,2024-01-01
Real News 176,New highway project approved by parliament,News,2024-01-01
Real News 177,New highway project approved by parliament,News,2024-01-01
Real News 178,Doctors recommend regular exercise for health,News,2024-01-01
Real News 179,Doctors recommend regular exercise for health,News,2024-01-01
Real News 180,Scientists discovered new species in ocean,News,2024-01-01
Real News 181,Scientists discovered new species in ocean,News,2024-01-01
Real News 182,Government announced new education policy,News,2024-01-01
Real News 183,India launched a new satellite successfully,News,2024-01-01
Real News 184,Medical researchers developed new vaccine,News,2024-01-01
Real News 185,Medical researchers developed new vaccine,News,2024-01-01
Real News 186,Stock market shows steady growth this year,News,2024-01-01
Real News 187,New highway project approved by parliament,News,2024-01-01
Real News 188,New technology released for renewable energy,News,2024-01-01
Real News 189,Scientists discovered new species in ocean,News,2024-01-01
Real News 190,Medical researchers developed new vaccine,News,2024-01-01
Real News 191,Medical researchers developed new vaccine,News,2024-01-01
Real News 192,Scientists discovered new species in ocean,News,2024-01-01
Real News 193,Government announced new education policy,News,2024-01-01
Real News 194,Scientists discovered new species in ocean,News,2024-01-01
Real News 195,Government announced new education policy,News,2024-01-01
Real News 196,New technology released for renewable energy,News,2024-01-01
Real News 197,New highway project approved by parliament,News,2024-01-01
Real News 198,New highway project approved by parliament,News,2024-01-01
Real News 199,New technology released for renewable energy,News,2024-01-01
Real News 200,Government announced new education policy,News,2024-01-01
Real News 201,India launched a new satellite successfully,News,2024-01-01
Real News 202,Government announced new education policy,News,2024-01-01
Real News 203,New highway project approved by parliament,News,2024-01-01
Real News 204,India launched a new satellite successfully,News,2024-01-01
Real News 205,India launched a new satellite successfully,News,2024-01-01
Real News 206,Medical researchers developed new vaccine,News,2024-01-01
Real News 207,India launched a new satellite successfully,News,2024-01-01
Real News 208,Doctors recommend regular exercise for health,News,2024-01-01
Real News 209,New technology released for renewable energy,News,2024-01-01
Real News 210,Doctors recommend regular exercise for health,News,2024-01-01
Real News 211,New highway project approved by parliament,News,2024-01-01
Real News 212,New highway project approved by parliament,News,2024-01-01
Real News 213,Government announced new education policy,News,2024-01-01
Real News 214,Stock market shows steady growth this year,News,2024-01-01
Real News 215,Doctors recommend regular exercise for health,News,2024-01-01
Real News 216,New highway project approved by parliament,News,2024-01-01
Real News 217,Government announced new education policy,News,2024-01-01
Real News 218,Government announced new education policy,News,2024-01-01
Real News 219,Doctors recommend regular exercise for health,News,2024-01-01
Real News 220,Medical researchers developed new vaccine,News,2024-01-01
Real News 221,Stock market shows steady growth this year,News,2024-01-01
Real News 222,Government announced new education policy,News,2024-01-01
Real News 223,Doctors recommend regular exercise for health,News,2024-01-01
Real News 224,Doctors recommend regular exercise for health,News,2024-01-01
Real News 225,Medical researchers developed new vaccine,News,2024-01-01
Real News 226,New highway project approved by parliament,News,2024-01-01
Real News 227,Government announced new education policy,News,2024-01-01
Real News 228,Scientists discovered new species in ocean,News,2024-01-01
Real News 229,Doctors recommend regular exercise for health,News,2024-01-01
Real News 230,Stock market shows steady growth this year,News,2024-01-01
Real News 231,India launched a new satellite successfully,News,2024-01-01
Real News 232,New technology released for renewable energy,News,2024-01-01
Real News 233,New technology released for renewable energy,News,2024-01-01
Real News 234,New technology released for renewable energy,News,2024-01-01
Real News 235,New highway project approved by parliament,News,2024-01-01
Real News 236,Stock market shows steady growth this year,News,2024-01-01
Real News 237,New technology released for renewable energy,News,2024-01-01
Real News 238,India launched a new satellite successfully,News,2024-01-01
Real News 239,India launched a new satellite successfully,News,2024-01-01
Real News 240,Scientists discovered new species in ocean,News,2024-01-01
Real News 241,New technology released for renewable energy,News,2024-01-01
Real News 242,Government announced new education policy,News,2024-01-01
Real News 243,Scientists discovered new species in ocean,News,2024-01-01
Real News 244,Medical researchers developed new vaccine,News,2024-01-01
Real News 245,Scientists discovered new species in ocean,News,2024-01-01
Real News 246,Stock market shows steady growth this year,News,2024-01-01
Real News 247,Government announced new education policy,News,2024-01-01
Real News 248,Government announced new education policy,News,2024-01-01
Real News 249,Scientists discovered new species in ocean,News,2024-01-01
Real News 250,New highway project approved by parliament,News,2024-01-01
Real News 251,India launched a new satellite successfully,News,2024-01-01
Real News 252,Scientists discovered new species in ocean,News,2024-01-01
Real News 253,New technology released for renewable energy,News,2024-01-01
Real News 254,Stock market shows steady growth this year,News,2024-01-01
Real News 255,Stock market shows steady growth this year,News,2024-01-01
Real News 256,New highway project approved by parliament,News,2024-01-01
Real News 257,Government announced new education policy,News,2024-01-01
Real News 258,Scientists discovered new species in ocean,News,2024-01-01
Real News 259,Medical researchers developed new vaccine,News,2024-01-01
Real News 260,New highway project approved by parliament,News,2024-01-01
Real News 261,New highway project approved by parliament,News,2024-01-01
Real News 262,New technology released for renewable energy,News,2024-01-01
Real News 263,New highway project approved by parliament,News,2024-01-01
Real News 264,Scientists discovered new species in ocean,News,2024-01-01
Real News 265,Medical researchers developed new vaccine,News,2024-01-01
Real News 266,India launched a new satellite successfully,News,2024-01-01
Real News 267,Doctors recommend regular exercise for health,News,2024-01-01
Real News 268,Medical researchers developed new vaccine,News,2024-01-01
Real News 269,Medical researchers developed new vaccine,News,2024-01-01
Real News 270,Government announced new education policy,News,2024-01-01
Real News 271,Stock market shows steady growth this year,News,2024-01-01
Real News 272,New technology released for renewable energy,News,2024-01-01
Real News 273,New technology released for renewable energy,News,2024-01-01
Real News 274,New technology released for renewable energy,News,2024-01-01
Real News 275,Doctors recommend regular exercise for health,News,2024-01-01
Real News 276,New highway project approved by parliament,News,2024-01-01
Real News 277,Doctors recommend regular exercise for health,News,2024-01-01
Real News 278,India launched a new satellite successfully,News,2024-01-01
Real News 279,Medical researchers developed new vaccine,News,2024-01-01
Real News 280,Government announced new education policy,News,2024-01-01
Real News 281,Stock market shows steady growth this year,News,2024-01-01
Real News 282,Medical researchers developed new vaccine,News,2024-01-01
Real News 283,Doctors recommend regular exercise for health,News,2024-01-01
Real News 284,New highway project approved by parliament,News,2024-01-01
Real News 285,Government announced new education policy,News,2024-01-01
Real News 286,New highway project approved by parliament,News,2024-01-01
Real News 287,India launched a new satellite successfully,News,2024-01-01
Real News 288,Doctors recommend regular exercise for health,News,2024-01-01
Real News 289,New technology released for renewable energy,News,2024-01-01
Real News 290,New technology released for renewable energy,News,2024-01-01
Real News 291,Government announced new education policy,News,2024-01-01
Real News 292,Doctors recommend regular exercise for health,News,2024-01-01
Real News 293,New highway project approved by parliament,News,2024-01-01
Real News 294,Government announced new education policy,News,2024-01-01
Real News 295,New technology released for renewable energy,News,2024-01-01
Real News 296,India launched a new satellite successfully,News,2024-01-01
Real News 297,New technology released for renewable energy,News,2024-01-01
Real News 298,Scientists discovered new species in ocean,News,2024-01-01
Real News 299,India launched a new satellite successfully,News,2024-01-01
Real News 300,Doctors recommend regular exercise for health,News,2024-01-01
Real News 301,New highway project approved by parliament,News,2024-01-01
Real News 302,Government announced new education policy,News,2024-01-01
Real News 303,Medical researchers developed new vaccine,News,2024-01-01
Real News 304,India launched a new satellite successfully,News,2024-01-01
Real News 305,India launched a new satellite successfully,News,2024-01-01
Real News 306,Government announced new education policy,News,2024-01-01
Real News 307,Doctors recommend regular exercise for health,News,2024-01-01
Real News 308,India launched a new satellite successfully,News,2024-01-01
Real News 309,Stock market shows steady growth this year,News,2024-01-01
Real News 310,India launched a new satellite successfully,News,2024-01-01
Real News 311,Stock market shows steady growth this year,News,2024-01-01
Real News 312,Medical researchers developed new vaccine,News,2024-01-01
Real News 313,Medical researchers developed new vaccine,News,2024-01-01
Real News 314,New highway project approved by parliament,News,2024-01-01
Real News 315,Stock market shows steady growth this year,News,2024-01-01
Real News 316,New highway project approved by parliament,News,2024-01-01
Real News 317,Scientists discovered new species in ocean,News,2024-01-01
Real News 318,Medical researchers developed new vaccine,News,2024-01-01
Real News 319,New highway project approved by parliament,News,2024-01-01
Real News 320,New highway project approved by parliament,News,2024-01-01
Real News 321,Government announced new education policy,News,2024-01-01
Real News 322,Medical researchers developed new vaccine,News,2024-01-01
Real News 323,Stock market shows steady growth this year,News,2024-01-01
Real News 324,New technology released for renewable energy,News,2024-01-01
Real News 325,Stock market shows steady growth this year,News,2024-01-01
Real News 326,New technology released for renewable energy,News,2024-01-01
Real News 327,India launched a new satellite successfully,News,2024-01-01
Real News 328,Medical researchers developed new vaccine,News,2024-01-01
Real News 329,Medical researchers developed new vaccine,News,2024-01-01
Real News 330,India launched a new satellite successfully,News,2024-01-01
Real News 331,Scientists discovered new species in ocean,News,2024-01-01
Real News 332,New highway project approved by parliament,News,2024-01-01
Real News 333,Government announced new education policy,News,2024-01-01
Real News 334,India launched a new satellite successfully,News,2024-01-01
Real News 335,Doctors recommend regular exercise for health,News,2024-01-01
Real News 336,New highway project approved by parliament,News,2024-01-01
Real News 337,Stock market shows steady growth this year,News,2024-01-01
Real News 338,Medical researchers developed new vaccine,News,2024-01-01
Real News 339,New technology released for renewable energy,News,2024-01-01
Real News 340,Doctors recommend regular exercise for health,News,2024-01-01
Real News 341,Doctors recommend regular exercise for health,News,2024-01-01
Real News 342,Doctors recommend regular exercise for health,News,2024-01-01
Real News 343,India launched a new satellite successfully,News,2024-01-01
Real News 344,India launched a new satellite successfully,News,2024-01-01
Real News 345,Government announced new education policy,News,2024-01-01
Real News 346,New technology released for renewable energy,News,2024-01-01
Real News 347,New technology released for renewable energy,News,2024-01-01
Real News 348,Doctors recommend regular exercise for health,News,2024-01-01
Real News 349,Scientists discovered new species in ocean,News,2024-01-01
Real News 350,Doctors recommend regular exercise for health,News,2024-01-01
Real News 351,Doctors recommend regular exercise for health,News,2024-01-01
Real News 352,India launched a new satellite successfully,News,2024-01-01
Real News 353,Doctors recommend regular exercise for health,News,2024-01-01
Real News 354,Scientists discovered new species in ocean,News,2024-01-01
Real News 355,New technology released for renewable energy,News,2024-01-01
Real News 356,New technology released for renewable energy,News,2024-01-01
Real News 357,Scientists discovered new species in ocean,News,2024-01-01
Real News 358,Doctors recommend regular exercise for health,News,2024-01-01
Real News 359,Doctors recommend regular exercise for health,News,2024-01-01
Real News 360,India launched a new satellite successfully,News,2024-01-01
Real News 361,Government announced new education policy,News,2024-01-01
Real News 362,Scientists discovered new species in ocean,News,2024-01-01
Real News 363,Medical researchers developed new vaccine,News,2024-01-01
Real News 364,New technology released for renewable energy,News,2024-01-01
Real News 365,Medical researchers developed new vaccine,News,2024-01-01
Real News 366,Scientists discovered new species in ocean,News,2024-01-01
Real News 367,New technology released for renewable energy,News,2024-01-01
Real News 368,Medical researchers developed new vaccine,News,2024-01-01
Real News 369,Government announced new education policy,News,2024-01-01
Real News 370,Doctors recommend regular exercise for health,News,2024-01-01
Real News 371,Scientists discovered new species in ocean,News,2024-01-01
Real News 372,Stock market shows steady growth this year,News,2024-01-01
Real News 373,Scientists discovered new species in ocean,News,2024-01-01
Real News 374,Scientists discovered new species in ocean,News,2024-01-01
Real News 375,India launched a new satellite successfully,News,2024-01-01
Real News 376,Stock market shows steady growth this year,News,2024-01-01
Real News 377,Scientists discovered new species in ocean,News,2024-01-01
Real News 378,Doctors recommend regular exercise for health,News,2024-01-01
Real News 379,New highway project approved by parliament,News,2024-01-01
Real News 380,Scientists discovered new species in ocean,News,2024-01-01
Real News 381,New highway project approved by parliament,News,2024-01-01
Real News 382,Doctors recommend regular exercise for health,News,2024-01-01
Real News 383,Scientists discovered new species in ocean,News,2024-01-01
Real News 384,Scientists discovered new species in ocean,News,2024-01-01
Real News 385,New technology released for renewable energy,News,2024-01-01
Real News 386,Doctors recommend regular exercise for health,News,2024-01-01
Real News 387,Doctors recommend regular exercise for health,News,2024-01-01
Real News 388,New highway project approved by parliament,News,2024-01-01
Real News 389,Government announced new education policy,News,2024-01-01
Real News 390,Government announced new education policy,News,2024-01-01
Real News 391,India launched a new satellite successfully,News,2024-01-01
Real News 392,India launched a new satellite successfully,News,2024-01-01
Real News 393,Doctors recommend regular exercise for health,News,2024-01-01
Real News 394,Doctors recommend regular exercise for health,News,2024-01-01
Real News 395,Medical researchers developed new vaccine,News,2024-01-01
Real News 396,New technology released for renewable energy,News,2024-01-01
Real News 397,Government announced new education policy,News,2024-01-01
Real News 398,Government announced new education policy,News,2024-01-01
Real News 399,New technology released for renewable energy,News,2024-01-01
Real News 400,Scientists discovered new species in ocean,News,2024-01-01
Real News 401,Medical researchers developed new vaccine,News,2024-01-01
Real News 402,New highway project approved by parliament,News,2024-01-01
Real News 403,New technology released for renewable energy,News,2024-01-01
Real News 404,Doctors recommend regular exercise for health,News,2024-01-01
Real News 405,Scientists discovered new species in ocean,News,2024-01-01
Real News 406,Scientists discovered new species in ocean,News,2024-01-01
Real News 407,Scientists discovered new species in ocean,News,2024-01-01
Real News 408,Medical researchers developed new vaccine,News,2024-01-01
Real News 409,New technology released for renewable energy,News,2024-01-01
Real News 410,New technology released for renewable energy,News,2024-01-01
Real News 411,New technology released for renewable energy,News,2024-01-01
Real News 412,New technology released for renewable energy,News,2024-01-01
Real News 413,New highway project approved by parliament,News,2024-01-01
Real News 414,New technology released for renewable energy,News,2024-01-01
Real News 415,Government announced new education policy,News,2024-01-01
Real News 416,New highway project approved by parliament,News,2024-01-01
Real News 417,New highway project approved by parliament,News,2024-01-01
Real News 418,Government announced new education policy,News,2024-01-01
Real News 419,Government announced new education policy,News,2024-01-01
Real News 420,Government announced new education policy,News,2024-01-01
Real News 421,Government announced new education policy,News,2024-01-01
Real News 422,Medical researchers developed new vaccine,News,2024-01-01
Real News 423,Stock market shows steady growth this year,News,2024-01-01
Real News 424,Stock market shows steady growth this year,News,2024-01-01
Real News 425,Government announced new education policy,News,2024-01-01
Real News 426,Doctors recommend regular exercise for health,News,2024-01-01
Real News 427,New technology released for renewable energy,News,2024-01-01
Real News 428,Stock market shows steady growth this year,News,2024-01-01
Real News 429,New technology released for renewable energy,News,2024-01-01
Real News 430,Doctors recommend regular exercise for health,News,2024-01-01
Real News 431,Medical researchers developed new vaccine,News,2024-01-01
Real News 432,Medical researchers developed new vaccine,News,2024-01-01
Real News 433,Scientists discovered new species in ocean,News,2024-01-01
Real News 434,New highway project approved by parliament,News,2024-01-01
Real News 435,Medical researchers developed new vaccine,News,2024-01-01
Real News 436,Stock market shows steady growth this year,News,2024-01-01
Real News 437,New technology released for renewable energy,News,2024-01-01
Real News 438,New highway project approved by parliament,News,2024-01-01
Real News 439,New technology released for renewable energy,News,2024-01-01
Real News 440,Scientists discovered new species in ocean,News,2024-01-01
Real News 441,Stock market shows steady growth this year,News,2024-01-01
Real News 442,Medical researchers developed new vaccine,News,2024-01-01
Real News 443,Doctors recommend regular exercise for health,News,2024-01-01
Real News 444,Government announced new education policy,News,2024-01-01
Real News 445,Medical researchers developed new vaccine,News,2024-01-01
Real News 446,Scientists discovered new species in ocean,News,2024-01-01
Real News 447,Doctors recommend regular exercise for health,News,2024-01-01
Real News 448,Medical researchers developed new vaccine,News,2024-01-01
Real News 449,Stock market shows steady growth this year,News,2024-01-01
Real News 450,India launched a new satellite successfully,News,2024-01-01
Real News 451,India launched a new satellite successfully,News,2024-01-01
Real News 452,Scientists discovered new species in ocean,News,2024-01-01
Real News 453,New technology released for renewable energy,News,2024-01-01
Real News 454,New technology released for renewable energy,News,2024-01-01
Real News 455,New technology released for renewable energy,News,2024-01-01
Real News 456,Government announced new education policy,News,2024-01-01
Real News 457,Stock market shows steady growth this year,News,2024-01-01
Real News 458,Scientists discovered new species in ocean,News,2024-01-01
Real News 459,New highway project approved by parliament,News,2024-01-01
Real News 460,India launched a new satellite successfully,News,2024-01-01
Real News 461,India launched a new satellite successfully,News,2024-01-01
Real News 462,Stock market shows steady growth this year,News,2024-01-01
Real News 463,Medical researchers developed new vaccine,News,2024-01-01
Real News 464,Medical researchers developed new vaccine,News,2024-01-01
Real News 465,India launched a new satellite successfully,News,2024-01-01
Real News 466,New technology released for renewable energy,News,2024-01-01
Real News 467,New technology released for renewable energy,News,2024-01-01
Real News 468,Doctors recommend regular exercise for health,News,2024-01-01
Real News 469,Scientists discovered new species in ocean,News,2024-01-01
Real News 470,Doctors recommend regular exercise for health,News,2024-01-01
Real News 471,Scientists discovered new species in ocean,News,2024-01-01
Real News 472,Doctors recommend regular exercise for health,News,2024-01-01
Real News 473,Government announced new education policy,News,2024-01-01
Real News 474,Stock market shows steady growth this year,News,2024-01-01
Real News 475,India launched a new satellite successfully,News,2024-01-01
Real News 476,Doctors recommend regular exercise for health,News,2024-01-01
Real News 477,Doctors recommend regular exercise for health,News,2024-01-01
Real News 478,New highway project approved by parliament,News,2024-01-01
Real News 479,Scientists discovered new species in ocean,News,2024-01-01
Real News 480,Scientists discovered new species in ocean,News,2024-01-01
Real News 481,Stock market shows steady growth this year,News,2024-01-01
Real News 482,New technology released for renewable energy,News,2024-01-01
Real News 483,Government announced new education policy,News,2024-01-01
Real News 484,Government announced new education policy,News,2024-01-01
Real News 485,Stock market shows steady growth this year,News,2024-01-01
Real News 486,India launched a new satellite successfully,News,2024-01-01
Real News 487,Doctors recommend regular exercise for health,News,2024-01-01
Real News 488,Scientists discovered new species in ocean,News,2024-01-01
Real News 489,Stock market shows steady growth this year,News,2024-01-01
Real News 490,New highway project approved by parliament,News,2024-01-01
Real News 491,Medical researchers developed new vaccine,News,2024-01-01
Real News 492,Doctors recommend regular exercise for health,News,2024-01-01
Real News 493,India launched a new satellite successfully,News,2024-01-01
Real News 494,India launched a new satellite successfully,News,2024-01-01
Real News 495,Doctors recommend regular exercise for health,News,2024-01-01
Real News 496,Government announced new education policy,News,2024-01-01
Real News 497,Doctors recommend regular exercise for health,News,2024-01-01
Real News 498,Medical researchers developed new vaccine,News,2024-01-01
Real News 499,Government announced new education policy,News,2024-01-01
Real News 500,Stock market shows steady growth this year,News,2024-01-01
Real News 501,India launched a new satellite successfully,News,2024-01-01
Real News 502,Doctors recommend regular exercise for health,News,2024-01-01
Real News 503,Medical researchers developed new vaccine,News,2024-01-01
Real News 504,New highway project approved by parliament,News,2024-01-01
Real News 505,Government announced new education policy,News,2024-01-01
Real News 506,Stock market shows steady growth this year,News,2024-01-01
Real News 507,Government announced new education policy,News,2024-01-01
Real News 508,Stock market shows steady growth this year,News,2024-01-01
Real News 509,Doctors recommend regular exercise for health,News,2024-01-01
Real News 510,New technology released for renewable energy,News,2024-01-01
Real News 511,India launched a new satellite successfully,News,2024-01-01
Real News 512,Stock market shows steady growth this year,News,2024-01-01
Real News 513,Government announced new education policy,News,2024-01-01
Real News 514,India launched a new satellite successfully,News,2024-01-01
Real News 515,Scientists discovered new species in ocean,News,2024-01-01
Real News 516,Doctors recommend regular exercise for health,News,2024-01-01
Real News 517,Doctors recommend regular exercise for health,News,2024-01-01
Real News 518,Scientists discovered new species in ocean,News,2024-01-01
Real News 519,Stock market shows steady growth this year,News,2024-01-01
Real News 520,Doctors recommend regular exercise for health,News,2024-01-01
Real News 521,Government announced new education policy,News,2024-01-01
Real News 522,Stock market shows steady growth this year,News,2024-01-01
Real News 523,New highway project approved by parliament,News,2024-01-01
Real News 524,India launched a new satellite successfully,News,2024-01-01
Real News 525,Doctors recommend regular exercise for health,News,2024-01-01
Real News 526,Stock market shows steady growth this year,News,2024-01-01
Real News 527,New technology released for renewable energy,News,2024-01-01
Real News 528,Government announced new education policy,News,2024-01-01
Real News 529,Scientists discovered new species in ocean,News,2024-01-01
Real News 530,New technology released for renewable energy,News,2024-01-01
Real News 531,Government announced new education policy,News,2024-01-01
Real News 532,India launched a new satellite successfully,News,2024-01-01
Real News 533,New technology released for renewable energy,News,2024-01-01
Real News 534,Stock market shows steady growth this year,News,2024-01-01
Real News 535,Scientists discovered new species in ocean,News,2024-01-01
Real News 536,Scientists discovered new species in ocean,News,2024-01-01
Real News 537,India launched a new satellite successfully,News,2024-01-01
Real News 538,Scientists discovered new species in ocean,News,2024-01-01
Real News 539,Government announced new education policy,News,2024-01-01
Real News 540,New highway project approved by parliament,News,2024-01-01
Real News 541,Government announced new education policy,News,2024-01-01
Real News 542,Government announced new education policy,News,2024-01-01
Real News 543,New technology released for renewable energy,News,2024-01-01
Real News 544,Stock market shows steady growth this year,News,2024-01-01
Real News 545,Stock market shows steady growth this year,News,2024-01-01
Real News 546,New highway project approved by parliament,News,2024-01-01
Real News 547,New technology released for renewable energy,News,2024-01-01
Real News 548,Government announced new education policy,News,2024-01-01
Real News 549,India launched a new satellite successfully,News,2024-01-01
Real News 550,Stock market shows steady growth this year,News,2024-01-01
Real News 551,Scientists discovered new species in ocean,News,2024-01-01
Real News 552,India launched a new satellite successfully,News,2024-01-01
Real News 553,India launched a new satellite successfully,News,2024-01-01
Real News 554,New highway project approved by parliament,News,2024-01-01
Real News 555,Scientists discovered new species in ocean,News,2024-01-01
Real News 556,Government announced new education policy,News,2024-01-01
Real News 557,Stock market shows steady growth this year,News,2024-01-01
Real News 558,Doctors recommend regular exercise for health,News,2024-01-01
Real News 559,Doctors recommend regular exercise for health,News,2024-01-01
Real News 560,Stock market shows steady growth this year,News,2024-01-01
Real News 561,Stock market shows steady growth this year,News,2024-01-01
Real News 562,Government announced new education policy,News,2024-01-01
Real News 563,Stock market shows steady growth this year,News,2024-01-01
Real News 564,Government announced new education policy,News,2024-01-01
Real News 565,Stock market shows steady growth this year,News,2024-01-01
Real News 566,New highway project approved by parliament,News,2024-01-01
Real News 567,New technology released for renewable energy,News,2024-01-01
Real News 568,Government announced new education policy,News,2024-01-01
Real News 569,India launched a new satellite successfully,News,2024-01-01
Real News 570,New highway project approved by parliament,News,2024-01-01
Real News 571,Doctors recommend regular exercise for health,News,2024-01-01
Real News 572,Medical researchers developed new vaccine,News,2024-01-01
Real News 573,Doctors recommend regular exercise for health,News,2024-01-01
Real News 574,Stock market shows steady growth this year,News,2024-01-01
Real News 575,Government announced new education policy,News,2024-01-01
Real News 576,Stock market shows steady growth this year,News,2024-01-01
Real News 577,Doctors recommend regular exercise for health,News,2024-01-01
Real News 578,Government announced new education policy,News,2024-01-01
Real News 579,New technology released for renewable energy,News,2024-01-01
Real News 580,Scientists discovered new species in ocean,News,2024-01-01
Real News 581,New technology released for renewable energy,News,2024-01-01
Real News 582,India launched a new satellite successfully,News,2024-01-01
Real News 583,Medical researchers developed new vaccine,News,2024-01-01
Real News 584,India launched a new satellite successfully,News,2024-01-01
Real News 585,Medical researchers developed new vaccine,News,2024-01-01
Real News 586,Doctors recommend regular exercise for health,News,2024-01-01
Real News 587,India launched a new satellite successfully,News,2024-01-01
Real News 588,Stock market shows steady growth this year,News,2024-01-01
Real News 589,Doctors recommend regular exercise for health,News,2024-01-01
Real News 590,Scientists discovered new species in ocean,News,2024-01-01
Real News 591,Scientists discovered new species in ocean,News,2024-01-01
Real News 592,Doctors recommend regular exercise for health,News,2024-01-01
Real News 593,Government announced new education policy,News,2024-01-01
Real News 594,Medical researchers developed new vaccine,News,2024-01-01
Real News 595,New highway project approved by parliament,News,2024-01-01
Real News 596,Doctors recommend regular exercise for health,News,2024-01-01
Real News 597,Doctors recommend regular exercise for health,News,2024-01-01
Real News 598,Scientists discovered new species in ocean,News,2024-01-01
Real News 599,Government announced new education policy,News,2024-01-01
Real News 600,Government announced new education policy,News,2024-01-01
Real News 601,Medical researchers developed new vaccine,News,2024-01-01
Real News 602,Medical researchers developed new vaccine,News,2024-01-01
Real News 603,India launched a new satellite successfully,News,2024-01-01
Real News 604,India launched a new satellite successfully,News,2024-01-01
Real News 605,Scientists discovered new species in ocean,News,2024-01-01
Real News 606,New highway project approved by parliament,News,2024-01-01
Real News 607,Government announced new education policy,News,2024-01-01
Real News 608,Medical researchers developed new vaccine,News,2024-01-01
Real News 609,New highway project approved by parliament,News,2024-01-01
Real News 610,Stock market shows steady growth this year,News,2024-01-01
Real News 611,Doctors recommend regular exercise for health,News,2024-01-01
Real News 612,India launched a new satellite successfully,News,2024-01-01
Real News 613,India launched a new satellite successfully,News,2024-01-01
Real News 614,Stock market shows steady growth this year,News,2024-01-01
Real News 615,Doctors recommend regular exercise for health,News,2024-01-01
Real News 616,India launched a new satellite successfully,News,2024-01-01
Real News 617,Government announced new education policy,News,2024-01-01
Real News 618,New technology released for renewable energy,News,2024-01-01
Real News 619,Doctors recommend regular exercise for health,News,2024-01-01
Real News 620,Medical researchers developed new vaccine,News,2024-01-01
Real News 621,Stock market shows steady growth this year,News,2024-01-01
Real News 622,Scientists discovered new species in ocean,News,2024-01-01
Real News 623,Doctors recommend regular exercise for health,News,2024-01-01
Real News 624,Doctors recommend regular exercise for health,News,2024-01-01
Real News 625,Doctors recommend regular exercise for health,News,2024-01-01
Real News 626,Doctors recommend regular exercise for health,News,2024-01-01
Real News 627,Stock market shows steady growth this year,News,2024-01-01
Real News 628,Stock market shows steady growth this year,News,2024-01-01
Real News 629,Medical researchers developed new vaccine,News,2024-01-01
Real News 630,Doctors recommend regular exercise for health,News,2024-01-01
Real News 631,India launched a new satellite successfully,News,2024-01-01
Real News 632,Doctors recommend regular exercise for health,News,2024-01-01
Real News 633,Medical researchers developed new vaccine,News,2024-01-01
Real News 634,Doctors recommend regular exercise for health,News,2024-01-01
Real News 635,Scientists discovered new species in ocean,News,2024-01-01
Real News 636,Government announced new education policy,News,2024-01-01
Real News 637,India launched a new satellite successfully,News,2024-01-01
Real News 638,Medical researchers developed new vaccine,News,2024-01-01
Real News 639,Government announced new education policy,News,2024-01-01
Real News 640,Medical researchers developed new vaccine,News,2024-01-01
Real News 641,Government announced new education policy,News,2024-01-01
Real News 642,Government announced new education policy,News,2024-01-01
Real News 643,Scientists discovered new species in ocean,News,2024-01-01
Real News 644,Medical researchers developed new vaccine,News,2024-01-01
Real News 645,Government announced new education policy,News,2024-01-01
Real News 646,Government announced new education policy,News,2024-01-01
Real News 647,New highway project approved by parliament,News,2024-01-01
Real News 648,New highway project approved by parliament,News,2024-01-01
Real News 649,Stock market shows steady growth this year,News,2024-01-01
Real News 650,Scientists discovered new species in ocean,News,2024-01-01
Real News 651,Scientists discovered new species in ocean,News,2024-01-01
Real News 652,New technology released for renewable energy,News,2024-01-01
Real News 653,New highway project approved by parliament,News,2024-01-01
Real News 654,Stock market shows steady growth this year,News,2024-01-01
Real News 655,Doctors recommend regular exercise for health,News,2024-01-01
Real News 656,Stock market shows steady growth this year,News,2024-01-01
Real News 657,Doctors recommend regular exercise for health,News,2024-01-01
Real News 658,New highway project approved by parliament,News,2024-01-01
Real News 659,New highway project approved by parliament,News,2024-01-01
Real News 660,Scientists discovered new species in ocean,News,2024-01-01
Real News 661,Stock market shows steady growth this year,News,2024-01-01
Real News 662,Medical researchers developed new vaccine,News,2024-01-01
Real News 663,Medical researchers developed new vaccine,News,2024-01-01
Real News 664,Doctors recommend regular exercise for health,News,2024-01-01
Real News 665,New highway project approved by parliament,News,2024-01-01
Real News 666,Stock market shows steady growth this year,News,2024-01-01
Real News 667,Medical researchers developed new vaccine,News,2024-01-01
Real News 668,New highway project approved by parliament,News,2024-01-01
Real News 669,Scientists discovered new species in ocean,News,2024-01-01
Real News 670,Medical researchers developed new vaccine,News,2024-01-01
Real News 671,New highway project approved by parliament,News,2024-01-01
Real News 672,India launched a new satellite successfully,News,2024-01-01
Real News 673,India launched a new satellite successfully,News,2024-01-01
Real News 674,Stock market shows steady growth this year,News,2024-01-01
Real News 675,India launched a new satellite successfully,News,2024-01-01
Real News 676,New technology released for renewable energy,News,2024-01-01
Real News 677,Scientists discovered new species in ocean,News,2024-01-01
Real News 678,Medical researchers developed new vaccine,News,2024-01-01
Real News 679,New technology released for renewable energy,News,2024-01-01
Real News 680,Government announced new education policy,News,2024-01-01
Real News 681,Scientists discovered new species in ocean,News,2024-01-01
Real News 682,Government announced new education policy,News,2024-01-01
Real News 683,Medical researchers developed new vaccine,News,2024-01-01
Real News 684,Scientists discovered new species in ocean,News,2024-01-01
Real News 685,India launched a new satellite successfully,News,2024-01-01
Real News 686,India launched a new satellite successfully,News,2024-01-01
Real News 687,Government announced new education policy,News,2024-01-01
Real News 688,Medical researchers developed new vaccine,News,2024-01-01
Real News 689,New highway project approved by parliament,News,2024-01-01
Real News 690,India launched a new satellite successfully,News,2024-01-01
Real News 691,Stock market shows steady growth this year,News,2024-01-01
Real News 692,Government announced new education policy,News,2024-01-01
Real News 693,Stock market shows steady growth this year,News,2024-01-01
Real News 694,Doctors recommend regular exercise for health,News,2024-01-01
Real News 695,Stock market shows steady growth this year,News,2024-01-01
Real News 696,Government announced new education policy,News,2024-01-01
Real News 697,Doctors recommend regular exercise for health,News,2024-01-01
Real News 698,India launched a new satellite successfully,News,2024-01-01
Real News 699,Medical researchers developed new vaccine,News,2024-01-01
Real News 700,Doctors recommend regular exercise for health,News,2024-01-01
Real News 701,Stock market shows steady growth this year,News,2024-01-01
Real News 702,Medical researchers developed new vaccine,News,2024-01-01
Real News 703,Medical researchers developed new vaccine,News,2024-01-01
Real News 704,Government announced new education policy,News,2024-01-01
Real News 705,New highway project approved by parliament,News,2024-01-01
Real News 706,India launched a new satellite successfully,News,2024-01-01
Real News 707,Stock market shows steady growth this year,News,2024-01-01
Real News 708,Doctors recommend regular exercise for health,News,2024-01-01
Real News 709,India launched a new satellite successfully,News,2024-01-01
Real News 710,New technology released for renewable energy,News,2024-01-01
Real News 711,New technology released for renewable energy,News,2024-01-01
Real News 712,Government announced new education policy,News,2024-01-01
Real News 713,Stock market shows steady growth this year,News,2024-01-01
Real News 714,New highway project approved by parliament,News,2024-01-01
Real News 715,Government announced new education policy,News,2024-01-01
Real News 716,New highway project approved by parliament,News,2024-01-01
Real News 717,Doctors recommend regular exercise for health,News,2024-01-01
Real News 718,India launched a new satellite successfully,News,2024-01-01
Real News 719,Medical researchers developed new vaccine,News,2024-01-01
Real News 720,Doctors recommend regular exercise for health,News,2024-01-01
Real News 721,New highway project approved by parliament,News,2024-01-01
Real News 722,New technology released for renewable energy,News,2024-01-01
Real News 723,Government announced new education policy,News,2024-01-01
Real News 724,Doctors recommend regular exercise for health,News,2024-01-01
Real News 725,India launched a new satellite successfully,News,2024-01-01
Real News 726,Medical researchers developed new vaccine,News,2024-01-01
Real News 727,Stock market shows steady growth this year,News,2024-01-01
Real News 728,Government announced new education policy,News,2024-01-01
Real News 729,Medical researchers developed new vaccine,News,2024-01-01
Real News 730,Scientists discovered new species in ocean,News,2024-01-01
Real News 731,Medical researchers developed new vaccine,News,2024-01-01
Real News 732,Doctors recommend regular exercise for health,News,2024-01-01
Real News 733,Stock market shows steady growth this year,News,2024-01-01
Real News 734,New highway project approved by parliament,News,2024-01-01
Real News 735,Doctors recommend regular exercise for health,News,2024-01-01
Real News 736,New technology released for renewable energy,News,2024-01-01
Real News 737,Medical researchers developed new vaccine,News,2024-01-01
Real News 738,Stock market shows steady growth this year,News,2024-01-01
Real News 739,Scientists discovered new species in ocean,News,2024-01-01
Real News 740,Medical researchers developed new vaccine,News,2024-01-01
Real News 741,New technology released for renewable energy,News,2024-01-01
Real News 742,Government announced new education policy,News,2024-01-01
Real News 743,Stock market shows steady growth this year,News,2024-01-01
Real News 744,Doctors recommend regular exercise for health,News,2024-01-01
Real News 745,India launched a new satellite successfully,News,2024-01-01
Real News 746,New technology released for renewable energy,News,2024-01-01
Real News 747,Scientists discovered new species in ocean,News,2024-01-01
Real News 748,Doctors recommend regular exercise for health,News,2024-01-01
Real News 749,New technology released for renewable energy,News,2024-01-01
Real News 750,Stock market shows steady growth this year,News,2024-01-01
Real News 751,Medical researchers developed new vaccine,News,2024-01-01
Real News 752,Government announced new education policy,News,2024-01-01
Real News 753,Medical researchers developed new vaccine,News,2024-01-01
Real News 754,Doctors recommend regular exercise for health,News,2024-01-01
Real News 755,Government announced new education policy,News,2024-01-01
Real News 756,Scientists discovered new species in ocean,News,2024-01-01
Real News 757,Government announced new education policy,News,2024-01-01
Real News 758,New highway project approved by parliament,News,2024-01-01
Real News 759,New technology released for renewable energy,News,2024-01-01
Real News 760,Doctors recommend regular exercise for health,News,2024-01-01
Real News 761,New highway project approved by parliament,News,2024-01-01
Real News 762,Government announced new education policy,News,2024-01-01
Real News 763,Government announced new education policy,News,2024-01-01
Real News 764,New highway project approved by parliament,News,2024-01-01
Real News 765,Medical researchers developed new vaccine,News,2024-01-01
Real News 766,New technology released for renewable energy,News,2024-01-01
Real News 767,Government announced new education policy,News,2024-01-01
Real News 768,India launched a new satellite successfully,News,2024-01-01
Real News 769,Doctors recommend regular exercise for health,News,2024-01-01
Real News 770,India launched a new satellite successfully,News,2024-01-01
Real News 771,New highway project approved by parliament,News,2024-01-01
Real News 772,New technology released for renewable energy,News,2024-01-01
Real News 773,Stock market shows steady growth this year,News,2024-01-01
Real News 774,Doctors recommend regular exercise for health,News,2024-01-01
Real News 775,Stock market shows steady growth this year,News,2024-01-01
Real News 776,Stock market shows steady growth this year,News,2024-01-01
Real News 777,India launched a new satellite successfully,News,2024-01-01
Real News 778,Doctors recommend regular exercise for health,News,2024-01-01
Real News 779,Scientists discovered new species in ocean,News,2024-01-01
Real News 780,Medical researchers developed new vaccine,News,2024-01-01
Real News 781,Government announced new education policy,News,2024-01-01
Real News 782,Medical researchers developed new vaccine,News,2024-01-01
Real News 783,Doctors recommend regular exercise for health,News,2024-01-01
Real News 784,New technology released for renewable energy,News,2024-01-01
Real News 785,Scientists discovered new species in ocean,News,2024-01-01
Real News 786,Stock market shows steady growth this year,News,2024-01-01
Real News 787,New technology released for renewable energy,News,2024-01-01
Real News 788,Stock market shows steady growth this year,News,2024-01-01
Real News 789,India launched a new satellite successfully,News,2024-01-01
Real News 790,India launched a new satellite successfully,News,2024-01-01
Real News 791,Stock market shows steady growth this year,News,2024-01-01
Real News 792,New highway project approved by parliament,News,2024-01-01
Real News 793,Government announced new education policy,News,2024-01-01
Real News 794,Doctors recommend regular exercise for health,News,2024-01-01
Real News 795,Scientists discovered new species in ocean,News,2024-01-01
Real News 796,Scientists discovered new species in ocean,News,2024-01-01
Real News 797,India launched a new satellite successfully,News,2024-01-01
Real News 798,Stock market shows steady growth this year,News,2024-01-01
Real News 799,New highway project approved by parliament,News,2024-01-01
Real News 800,Medical researchers developed new vaccine,News,2024-01-01
Real News 801,Medical researchers developed new vaccine,News,2024-01-01
Real News 802,Government announced new education policy,News,2024-01-01
Real News 803,Doctors recommend regular exercise for health,News,2024-01-01
Real News 804,New technology released for renewable energy,News,2024-01-01
Real News 805,Doctors recommend regular exercise for health,News,2024-01-01
Real News 806,Medical researchers developed new vaccine,News,2024-01-01
Real News 807,New highway project approved by parliament,News,2024-01-01
Real News 808,Medical researchers developed new vaccine,News,2024-01-01
Real News 809,Medical researchers developed new vaccine,News,2024-01-01
Real News 810,New technology released for renewable energy,News,2024-01-01
Real News 811,Scientists discovered new species in ocean,News,2024-01-01
Real News 812,New highway project approved by parliament,News,2024-01-01
Real News 813,Medical researchers developed new vaccine,News,2024-01-01
Real News 814,Stock market shows steady growth this year,News,2024-01-01
Real News 815,India launched a new satellite successfully,News,2024-01-01
Real News 816,New technology released for renewable energy,News,2024-01-01
Real News 817,Medical researchers developed new vaccine,News,2024-01-01
Real News 818,India launched a new satellite successfully,News,2024-01-01
Real News 819,Scientists discovered new species in ocean,News,2024-01-01
Real News 820,New highway project approved by parliament,News,2024-01-01
Real News 821,Scientists discovered new species in ocean,News,2024-01-01
Real News 822,Medical researchers developed new vaccine,News,2024-01-01
Real News 823,Medical researchers developed new vaccine,News,2024-01-01
Real News 824,Stock market shows steady growth this year,News,2024-01-01
Real News 825,Medical researchers developed new vaccine,News,2024-01-01
Real News 826,New highway project approved by parliament,News,2024-01-01
Real News 827,New technology released for renewable energy,News,2024-01-01
Real News 828,Medical researchers developed new vaccine,News,2024-01-01
Real News 829,New technology released for renewable energy,News,2024-01-01
Real News 830,India launched a new satellite successfully,News,2024-01-01
Real News 831,Government announced new education policy,News,2024-01-01
Real News 832,New technology released for renewable energy,News,2024-01-01
Real News 833,Scientists discovered new species in ocean,News,2024-01-01
Real News 834,Government announced new education policy,News,2024-01-01
Real News 835,Scientists discovered new species in ocean,News,2024-01-01
Real News 836,New highway project approved by parliament,News,2024-01-01
Real News 837,New highway project approved by parliament,News,2024-01-01
Real News 838,Scientists discovered new species in ocean,News,2024-01-01
Real News 839,Scientists discovered new species in ocean,News,2024-01-01
Real News 840,New technology released for renewable energy,News,2024-01-01
Real News 841,Stock market shows steady growth this year,News,2024-01-01
Real News 842,New technology released for renewable energy,News,2024-01-01
Real News 843,Scientists discovered new species in ocean,News,2024-01-01
Real News 844,Doctors recommend regular exercise for health,News,2024-01-01
Real News 845,India launched a new satellite successfully,News,2024-01-01
Real News 846,New technology released for renewable energy,News,2024-01-01
Real News 847,Medical researchers developed new vaccine,News,2024-01-01
Real News 848,New highway project approved by parliament,News,2024-01-01
Real News 849,New highway project approved by parliament,News,2024-01-01
Real News 850,Stock market shows steady growth this year,News,2024-01-01
Real News 851,Doctors recommend regular exercise for health,News,2024-01-01
Real News 852,Scientists discovered new species in ocean,News,2024-01-01
Real News 853,India launched a new satellite successfully,News,2024-01-01
Real News 854,Stock market shows steady growth this year,News,2024-01-01
Real News 855,Scientists discovered new species in ocean,News,2024-01-01
Real News 856,India launched a new satellite successfully,News,2024-01-01
Real News 857,New highway project approved by parliament,News,2024-01-01
Real News 858,Scientists discovered new species in ocean,News,2024-01-01
Real News 859,Government announced new education policy,News,2024-01-01
Real News 860,India launched a new satellite successfully,News,2024-01-01
Real News 861,New highway project approved by parliament,News,2024-01-01
Real News 862,Scientists discovered new species in ocean,News,2024-01-01
Real News 863,Scientists discovered new species in ocean,News,2024-01-01
Real News 864,Doctors recommend regular exercise for health,News,2024-01-01
Real News 865,Government announced new education policy,News,2024-01-01
Real News 866,Medical researchers developed new vaccine,News,2024-01-01
Real News 867,Scientists discovered new species in ocean,News,2024-01-01
Real News 868,New highway project approved by parliament,News,2024-01-01
Real News 869,New technology released for renewable energy,News,2024-01-01
Real News 870,Doctors recommend regular exercise for health,News,2024-01-01
Real News 871,New technology released for renewable energy,News,2024-01-01
Real News 872,India launched a new satellite successfully,News,2024-01-01
Real News 873,Medical researchers developed new vaccine,News,2024-01-01
Real News 874,Medical researchers developed new vaccine,News,2024-01-01
Real News 875,Medical researchers developed new vaccine,News,2024-01-01
Real News 876,Stock market shows steady growth this year,News,2024-01-01
Real News 877,Medical researchers developed new vaccine,News,2024-01-01
Real News 878,New technology released for renewable energy,News,2024-01-01
Real News 879,Doctors recommend regular exercise for health,News,2024-01-01
Real News 880,Doctors recommend regular exercise for health,News,2024-01-01
Real News 881,Government announced new education policy,News,2024-01-01
Real News 882,Government announced new education policy,News,2024-01-01
Real News 883,New highway project approved by parliament,News,2024-01-01
Real News 884,Doctors recommend regular exercise for health,News,2024-01-01
Real News 885,Scientists discovered new species in ocean,News,2024-01-01
Real News 886,Government announced new education policy,News,2024-01-01
Real News 887,New technology released for renewable energy,News,2024-01-01
Real News 888,India launched a new satellite successfully,News,2024-01-01
Real News 889,Stock market shows steady growth this year,News,2024-01-01
Real News 890,India launched a new satellite successfully,News,2024-01-01
Real News 891,Stock market shows steady growth this year,News,2024-01-01
Real News 892,Medical researchers developed new vaccine,News,2024-01-01
Real News 893,Medical researchers developed new vaccine,News,2024-01-01
Real News 894,Government announced new education policy,News,2024-01-01
Real News 895,New highway project approved by parliament,News,2024-01-01
Real News 896,New technology released for renewable energy,News,2024-01-01
Real News 897,New technology released for renewable energy,News,2024-01-01
Real News 898,New highway project approved by parliament,News,2024-01-01
Real News 899,Scientists discovered new species in ocean,News,2024-01-01
Real News 900,New technology released for renewable energy,News,2024-01-01
Real News 901,Doctors recommend regular exercise for health,News,2024-01-01
Real News 902,India launched a new satellite successfully,News,2024-01-01
Real News 903,India launched a new satellite successfully,News,2024-01-01
Real News 904,Doctors recommend regular exercise for health,News,2024-01-01
Real News 905,India launched a new satellite successfully,News,2024-01-01
Real News 906,New technology released for renewable energy,News,2024-01-01
Real News 907,New technology released for renewable energy,News,2024-01-01
Real News 908,Doctors recommend regular exercise for health,News,2024-01-01
Real News 909,Medical researchers developed new vaccine,News,2024-01-01
Real News 910,India launched a new satellite successfully,News,2024-01-01
Real News 911,Scientists discovered new species in ocean,News,2024-01-01
Real News 912,India launched a new satellite successfully,News,2024-01-01
Real News 913,Scientists discovered new species in ocean,News,2024-01-01
Real News 914,Government announced new education policy,News,2024-01-01
Real News 915,India launched a new satellite successfully,News,2024-01-01
Real News 916,Scientists discovered new species in ocean,News,2024-01-01
Real News 917,New technology released for renewable energy,News,2024-01-01
Real News 918,New technology released for renewable energy,News,2024-01-01
Real News 919,Stock market shows steady growth this year,News,2024-01-01
Real News 920,Government announced new education policy,News,2024-01-01
Real News 921,Doctors recommend regular exercise for health,News,2024-01-01
Real News 922,New technology released for renewable energy,News,2024-01-01
Real News 923,India launched a new satellite successfully,News,2024-01-01
Real News 924,New highway project approved by parliament,News,2024-01-01
Real News 925,Government announced new education policy,News,2024-01-01
Real News 926,India launched a new satellite successfully,News,2024-01-01
Real News 927,Scientists discovered new species in ocean,News,2024-01-01
Real News 928,Doctors recommend regular exercise for health,News,2024-01-01
Real News 929,New highway project approved by parliament,News,2024-01-01
Real News 930,Medical researchers developed new vaccine,News,2024-01-01
Real News 931,India launched a new satellite successfully,News,2024-01-01
Real News 932,Government announced new education policy,News,2024-01-01
Real News 933,Stock market shows steady growth this year,News,2024-01-01
Real News 934,Government announced new education policy,News,2024-01-01
Real News 935,Government announced new education policy,News,2024-01-01
Real News 936,Government announced new education policy,News,2024-01-01
Real News 937,New technology released for renewable energy,News,2024-01-01
Real News 938,Medical researchers developed new vaccine,News,2024-01-01
Real News 939,Scientists discovered new species in ocean,News,2024-01-01
Real News 940,Government announced new education policy,News,2024-01-01
Real News 941,Stock market shows steady growth this year,News,2024-01-01
Real News 942,Scientists discovered new species in ocean,News,2024-01-01
Real News 943,Medical researchers developed new vaccine,News,2024-01-01
Real News 944,India launched a new satellite successfully,News,2024-01-01
Real News 945,Doctors recommend regular exercise for health,News,2024-01-01
Real News 946,India launched a new satellite successfully,News,2024-01-01
Real News 947,New highway project approved by parliament,News,2024-01-01
Real News 948,New technology released for renewable energy,News,2024-01-01
Real News 949,Government announced new education policy,News,2024-01-01
Real News 950,New highway project approved by parliament,News,2024-01-01
Real News 951,Doctors recommend regular exercise for health,News,2024-01-01
Real News 952,Stock market shows steady growth this year,News,2024-01-01
Real News 953,Scientists discovered new species in ocean,News,2024-01-01
Real News 954,New highway project approved by parliament,News,2024-01-01
Real News 955,Scientists discovered new species in ocean,News,2024-01-01
Real News 956,Stock market shows steady growth this year,News,2024-01-01
Real News 957,Scientists discovered new species in ocean,News,2024-01-01
Real News 958,New highway project approved by parliament,News,2024-01-01
Real News 959,Stock market shows steady growth this year,News,2024-01-01
Real News 960,New technology released for renewable energy,News,2024-01-01
Real News 961,Government announced new education policy,News,2024-01-01
Real News 962,Medical researchers developed new vaccine,News,2024-01-01
Real News 963,India launched a new satellite successfully,News,2024-01-01
Real News 964,Scientists discovered new species in ocean,News,2024-01-01
Real News 965,India launched a new satellite successfully,News,2024-01-01
Real News 966,New technology released for renewable energy,News,2024-01-01
Real News 967,New highway project approved by parliament,News,2024-01-01
Real News 968,Scientists discovered new species in ocean,News,2024-01-01
Real News 969,Government announced new education policy,News,2024-01-01
Real News 970,New technology released for renewable energy,News,2024-01-01
Real News 971,Scientists discovered new species in ocean,News,2024-01-01
Real News 972,Medical researchers developed new vaccine,News,2024-01-01
Real News 973,New technology released for renewable energy,News,2024-01-01
Real News 974,Government announced new education policy,News,2024-01-01
Real News 975,New highway project approved by parliament,News,2024-01-01
Real News 976,India launched a new satellite successfully,News,2024-01-01
Real News 977,New highway project approved by parliament,News,2024-01-01
Real News 978,New technology released for renewable energy,News,2024-01-01
Real News 979,New highway project approved by parliament,News,2024-01-01
Real News 980,Stock market shows steady growth this year,News,2024-01-01
Real News 981,India launched a new satellite successfully,News,2024-01-01
Real News 982,Stock market shows steady growth this year,News,2024-01-01
Real News 983,Stock market shows steady growth this year,News,2024-01-01
Real News 984,Scientists discovered new species in ocean,News,2024-01-01
Real News 985,New highway project approved by parliament,News,2024-01-01
Real News 986,Government announced new education policy,News,2024-01-01
Real News 987,New technology released for renewable energy,News,2024-01-01
Real News 988,New technology released for renewable energy,News,2024-01-01
Real News 989,Government announced new education policy,News,2024-01-01
Real News 990,India launched a new satellite successfully,News,2024-01-01
Real News 991,New highway project approved by parliament,News,2024-01-01
Real News 992,New highway project approved by parliament,News,2024-01-01
Real News 993,Stock market shows steady growth this year,News,2024-01-01
Real News 994,New highway project approved by parliament,News,2024-01-01
Real News 995,Medical researchers developed new vaccine,News,2024-01-01
Real News 996,Government announced new education policy,News,2024-01-01
Real News 997,New highway project approved by parliament,News,2024-01-01
Real News 998,Stock market shows steady growth this year,News,2024-01-01
Real News 999,Government announced new education policy,News,2024-01-01
